File Name,Raga,Notation,Aroh,Avroh,Pakad
Bhairav-1-168.xml,Bhairav,R g R g m p g m n D - g - m g R g m p g m n D - Ru - su gu - g - m n D Ru - D - R - g m p g m g R n g g p p D D n n D n n D m p gu mu D - n D - R - mu gu - Ru - pu - gu mu D - D - n D - n Ru gu n Ru D n m D g m p g m g R n,,,
Bhairav-10-179.xml,Bhairav,sR ♯mRg R R snil s sR s nilDl - nil - s s s - gm g gm g R - g p m g (m) - Rm - s s nil s g m g m niD p - @mg @mR @gp @mg mR - - s p - niD D suni - su su ni su su su nisu Ru su - ni su ni D p pg m p - niD - su - suni su niD p mp m g @mg R - s s nil s gm g gm niD p - @mg @mR g p @mg @mR R s sR R@mg R R,,,
Bhairav-11-180.xml,Bhairav,niD - D D niD - p - @DD @pm p - m - g - gm g (m) g gR - g p gm g m g gR - s - snil s g m p D ni su niD DRu su - niD D qpw w eg g@gm niD - D p - D m mg m p p niD - ni ni su - su su suni su su - nig m p p suni - su su suRu Ru su su ni su niD p pD D su su niD DNi D p pg - m @mg gR - s - snil s g m p D ni su suRu Ru su - niD D p - pg m niD D p - D m,,,
Bhairav-12-181.xml,Bhairav,nils qDw w eD niD - p p p @DD @pm p - m - g - gm g gm (m) mR R s s sR g m (m) mR - s - snil s @gm niD - ni su su niD ni su Ru su ni D p gmq w wDw w eD niD gm m p p niD - ni ni su - - - ni su su - niD - D D ni ni su su suRu Ru su su suni su niD p gm g R s snil s mg m p D ni su suRu Ru su su niD - p ♯mgm gmq e D D niD,,,
Bhairav-13-183.xml,Bhairav,mp m mR - - s - R nil s m - - - - - - - mR - m m p - p D Dsu su niD DNi D p m m p - p - niD - ni - su - su su - su su su niD D ni ni su su su - Ru su - suni su niD - p Dp D Dsu - niD Ni D p m (m) - m mR - Rp m mR - - s - R nil s,,,
Bhairav-14-184.xml,Bhairav,snil s pg m niD - D niD - D p p NiD D p D p mp m g mg m niD niD - D @pm p gm - m mR - - pg p m - g - (m) - R - gR - s - mp p p - niD - ni ni su su su - suni su su su Ru Ru su - suni su niD p pg m p niD - D DRu su sni su D p m g pm g R - s - snil s pg m,,,
Bhairav-15-185.xml,Bhairav,gm m N D p p @pD @mp @DD @pm p - m g p @mg gR - - - gR R s - sDl Dl nl s gR R s - snl s mg m p - D p @pD @ns su sqD eN @Dp m @gm mg m p p nD D n n su su su su n su su - suRu - gu @mugu guRu - su - pD Ru su nD N @Dp m @gm,,,
Bhairav-16-186.xml,Bhairav,gm - @gm m@pp ND - p @mp `DDpm p m g R@m(m) R gR s m@gm ND - su ND - p @mp `DDpm p m g gm(m) R gR s @nls m @gm m@pp gm p n@DD @nn su su su @-su sun su su - ND D D sun su su @nsu n@ su guRu su @nsu n@Dp m`gmpD @nsu nD ♯p mp gm ♯(m)R gR s,,,
Bhairav-17-187.xml,Bhairav,nD p @mp !DD pmp m @gm g`m(m)R `s nls sm - @gm @ p nD - p @mp `DDpm p m g g♯m(m) @gm R s snl s R s nl s nlDl pl s@nls m@gm @pp nn@DD su @nsu nD ♯p gm nD - p @mp `DDpm p @mg m`m gm - - m♯gmp nD Dsu - `su ns @susu n@DD n@DD su su su@nsu @Rusu su@nsu n@Dp m@gm nD m`pDpp @mg s@nls m@gm @pp !pDnsuRusu nD - p m♯ gm nD ♯p mp !DDpmp `gm gm,,,
Bhairav-18-189.xml,Bhairav,D p m `gmp m p - @mp ND ND ♯p mp m g gm mp @gm `g(m)g gR - s @nls snl s - gR R gR s @nls nls m m mp - p ND - Dsu - nsu nD N p D m p g m mN m@gm nD - n su su su su @nsu su nD n su guRu su @nsu !RuRu sunsu nD N p m@gm ND - ♯p mp m `gmp m p p NN@DD NN@DDq esu su ND N su Ru guRu su Nsu ND N p D m p g m mN,,,
Bhairav-19-190.xml,Bhairav,- - ns `sR gR mg m - @gm R m @mg mm! pp mgm mR - s @nls s@nls gR - s nlnl@ss nlDl - - snls s gR s snl nls nlDl nlDl nlDl s @-s nls gR - @ g m - @gm @ mm ♯(m)R @Rs `RRsnl s nl Dl nls m@ gR g@mm m@pp N@DD ♯ nn su - @nsu @susu R - su @nsu nD @DD su `nsu susu sun su nD p m @gm p @p p nD - su @nsu su@nsu guRu - @susu ~DDnsunDpm ~gpmgRRs- nls `nlsgR,,,
Bhairav-2-169.xml,Bhairav,- s - R - R g - - m - p - su su D - D - p - m g @mR g p p m g R - s p - - d - n su su - n su su su D - n su su R - s D - p n - - D - - p - - m - - g - - R - - s - - R - R,,,
Bhairav-20-192.xml,Bhairav,nlsq eDl s @sR mg m @gm m gm g qmw w @eRR gR - s s @nls gR @-s s@nls nl@DlDl s@nls g@Rs mg m gm g mq w eR mg m mR ♯s sR mg m @gm m@ gm nDq e su Dq e p♯p mp gm g mq w eR R@mg (m) R `s ss pm p ND su@ nn su su @nsu su nsu nD n @susu Ru su @nsu n@Dp !DDpmp ♯mg m nD @nsu su@RuRu @susu su@mu(mu) mu@Rusu sun su D p gm m@gm mR `s ss,,,
Bhairav-21-193.xml,Bhairav,- @ss gR - @nls %nlsR s nlDl @-pl nlDl - s ♯nls s !RRsnls nl♯Dl nls sm @gm mg(m)q eR - s nls ♯nls s sm - @gm @ mp nD - p ♯pmp gm @ mR ♯gmp m g(m)mq eR ♯s nls @ ss nD @-n @susu su nD - !DpnsuRu @-Ru su @nsu n♯su nsu nD ♯pmp %DD pmp m ♯gm m `pDnsu @nsu %DD pmp m mg mR ♯gmp m g@(m)mq eR ♯s nls @ ss,,,
Bhairav-22-195.xml,Bhairav,nls - @nls @ sR mg m m @gm gm mp - @mg g@m(m) R s @nls gm - @gm @ pm p - @mp ND Nq w eD p @mp gm - m@gm gm@mp m (m)q eR s @nls @-s - -@ sR p@gm @p mp nD @-D su - su@nsu su nD - - @nsu Ru su @nsu @Dp gm (m) R s nl@sm - gm p mpq eN D p gm p %gmpDp m g g♯m(m) R s s - @nls @ sR,,,
Bhairav-23-197.xml,Bhairav,gm - @gm @pp nD - p @mp ♯DDm p m g NR @ g m p m - g g@m(m) ♭R - s @ m p @mp nD @ n su - su n@ su guRu - su su sun su nD p mp m @gm p p - nD - - n su @nsu Ru - su n su nD p ♯mpD gm @gm p p nD - - p @mp @ p gm g mR g m p,,,
Bhairav-24-198.xml,Bhairav,gR - s ♯nls s gR - s @nls nlsuq w eDl s @-s gR - s nl@-su sm - @gm @- p nD @-D p @mp %DDpm p m g g@m(m) R s @-s p@gm ♯p mp nD s@nn su su @nsu su Ru ♯sunsu nD p p~gmDDpmp @gm nD @nsu su ♯nsu su nD p ~gmpDpmp m g R gR g @mg @mp g♯m(m) g mR ♯s s,,,
Bhairav-25-199.xml,Bhairav,mg p m D p p m g m - nD - p m @dd @pm p - m - gm m q(m) w- eR m g R g m p p R R R p m g R R R R gR - s - sn s s s Dl nl s s n qs wru esu n D p p nD D D sun gusu n su su Ru - su su n D p p g m nD - - - n n su - su su su - su R - su - su su su Dn su n D p> m g R s s R g m p D n su n R su n D p m g gm - m nD -,,,
Bhairav-26-200.xml,Bhairav,n su n D - p gm g m nD - p D m p m m - m R g m p m gqm w- eR gR - s s s mg m p p pg m p D n su n D p m p D m m p p m g m nD nD nD gD n n su su su su nD D D sun gusu n su su Ru - su su n D p p R s - n @DD @pp @gg @mm @pp @pp n n@DD @nini @susu su qsuw e mu Ru su - su ni D ni D mp - m pR m R s -,,,
Bhairav-27-202.xml,Bhairav,sR - R - gR - - R s - ns - nDl - s - nl s s - R - s s mg @mg m mR - m sn s g m nD - nD D p - @mg @mR g p m g m R - s n - - D - - p - - m p p D - n n s s - s nD - - n s R sn s nD p g m p p nD - mu nD - p D s nD p m g m gR - s,,,
Bhairav-28-203.xml,Bhairav,D p m @mg m ND D p - D p @mp m - g gm R g m p m g m R s snl su mg m p p - pD - su ND - p - pN p mp ND - n su su su - su suD - n su su Ru su nD - p p mp m g m p mp nD - Dsu suD - nD - su nD D p - D p @mp m - g,,,
Bhairav-29-205.xml,Bhairav,mR - s R s nlDl - s - - @mg @mg mR g p m g mR - s snu s mg m m n D - dsu su nD p pg m p m g qm wR es pm p n D - - su n su su - - nD D su n su su R @nsu D p pm p @mg @mR @gp m g gR - s gnl s pg m p nD D nqD wsu esu nD p g m p gm g qm wR es,,,
Bhairav-3-171.xml,Bhairav,nD - p p pm p pD p gm g ns - nDl Dl sN s gR R s s g@mg @mg R R @mg p @mg @mg R s p - nD D sn - s n s s nD - n s R s n s nD p pwwwmeeDR s - sn s nD - nD p s n D p m g R R s -,,,
Bhairav-30-207.xml,Bhairav,sR - R su - sun su su nD p pg qm eR pg p @mg qm eR s s n nuDl - nu s g R - R s s mg m R gm p m g m R s mp p n D - su n s - s - nD D D su n s guR R su nD p pD D DR su DN D p nD - pg m R mg p m g m R s,,,
Bhairav-31-209.xml,Bhairav,pD - D D D ND - p p p pg m R mg m mR R gR s - nDl - Dl nl s gR - R s - pg m gR g m mR - gR R s p - mp nD - n n su su su pg - m p D Dsu - su nD p pg - m p D Dsu - su nD p pg m mN D p pg m mR R s,,,
Bhairav-32-210.xml,Bhairav,sun - su - su n su nD - p mp pg @gm gR g m p pg @mg R - s - snu nu s s gR - s - pg m nD - su nD - nD - p pm p - mp nD - n n su su nD - - sun su guR - su nD p pqDw esu nD p p @mg m gR - s,,,
Bhairav-33-212.xml,Bhairav,nD - p @pD p m p - m g mg m p - @pD @mp m g gm @mg/code> qm ewR mp m g mR - - su p p nD D sun - su - su - nD D sun su R su nD p pD Dsu nD p mp m g mR - s,,,
Bhairav-34-213.xml,Bhairav,gm g m p - nD D D nD - p gm m @mR @gm p mp m g m R m gm @mg qmw eR mp m g mR - - su s sn s gR s - nDl - sn s s @mg mR - mg p pm - g m R - s gm p - nD - n su - n su su - suR R su guRu su - sun - su nD - p mp @mg m p - p psu nD nD - p mp @mg @mR R mg p gm - g mR - s mp @mg @mR R mg p gm - g mR - s sn sn s gR gR s sR g gR g m p mp m g @mg mR - s gm,,,
Bhairav-35-216.xml,Bhairav,s mg p d nsu n - d@pd n su eN - dp d - s gm g d n n mu n su nqmu wmugu su - sun su wn- ed pm g - d n mu ru n sun qsu - n n qsu wN w- dp d - s,,,
Bhairav-36-219.xml,Bhairav,gm g m p D N D - ND - p @mg @mg mR R mg m mp m g gqm eR s snl s - gR - s snl qs eDl nl s s @mg @mg qm w eR mg p gm - g m R m p p p nD D D sun su n su su su qn w eD D n su su suRu - su @nsu nD p p @pD n su su su nD - DN D ND p gm m mR R @mg p m g qm w eR gR s gm R s sm g m p - pD su - nD - nD D p gm m @gm p p p pD D - DN D p p @pD n su Ru su nD - D DN D p mg m gR mg m p m - g qm eR s nls - s sm g m p - - nD - p p - nD - n n su su n su su su nD - D n su su Ru - su @nsu nD p p @pD n su Ru su nD - DR D p p gm g gm N D p gm g @mg mqR e- s mnu s mg m p - nD - D n su su nD - DN D nD p @mp gm,,,
Bhairav-37-222.xml,Bhairav,s nls m g m p - nD - - p qD w em p m g m p - nD - - p - - gp @mg mR g m p p@mp m g m R s snl s s gR - s nls nlDl nl s R s pg m R g p p m - g m R - s nls s m @gm p p - p nD - n su su - sln su su nsu nD D n su su Ru Ru su nD - p nD p @mp m g m p - nD n su Ru su n su - nD N D p @mg @-m p nD - - p m m @gm p - p nD - D nD - p p p - nD - D Dsu - su nD - p mg m g mR g p m - g mR - s gm g m p p - nD - - nD - p p p - mp nD - sun su n su - su nsu nD - n su - Ru su @nsu nD - p mp N D p g m p - nD n su - Ru - su n su nD p mp p @mg @-m p nD - - p,,,
Bhairav-38-225.xml,Bhairav,gm R gR - s nlDl - Dl snl s s - R - gR - s nls nl s R s - R g R g p m - g qm eR - s gm gm - n su - su su - n su su nD - - n su su Ru - su nD - p mp g m p - mp pD D su D - p mp m - g qm w eR s gm s s - nD nD nD nD - D nD - p p p p p nD D su - su nD - p mg @mg @mR g m p mp m g mR - s snl Dl nl s - gR - - gR - s p mp - nD - n su su - n su su nD - D n su su Ru su su nD - p p g m p - D su n su su D p mp m g mR - s - gR,,,
Bhairav-39-228.xml,Bhairav,gm @gm p p - nD - p @pm p m g gm gR g m p m - g qm eR gR s - snl s gR s snl qs eDl snl s s gqm e- R mg m p mp m g gqm eR - s gm p - nD - sun su su - n su su nD D D sun su su Ru - su su@nsu nD p nD q- eN D - p p - - nD - p p @mp - nD - D Dsu su - nD - p mp m g qm eR - s gm pm p @gm p - p nD - D nD - p pD D - sun su - DRu su - nD - p gm @mg qm w eR m@gm p gm m g qm eR s R s - m - m p - p nD - p p - p nD - D sun su - su - su nD - D sun su su Ru su sun su nD p p m @gm p - p p nD - sun su su mp m g qm eR - s gm,,,
Bhairav-4-172.xml,Bhairav,@sR mg R s sn s R s nDl - n n s - s s mg - m m gm m gR R R @gR @gm pm gm R s s sn s mg m nD - p - gm R @gm pm gR - s s mp - p p nD - n n su - su sun su n su n suD - D D n n su su suR - su su sun su nD p gm - g m p - p p nD D mu mu nD - p p p D su - nD D p - @mg @mR @gm p m g R s,,,
Bhairav-40-229.xml,Bhairav,g m p - ND - - p @mp p m g mR m p gm - g qm eR s snl s s gR - s sDl - nl s - s g m p - mp - g qm eR s p p p nD - D sun su - su - su nsu @sun Ru - su - sun qsu e- D - p pm - p nD - p mp m g mR - s snl s - pg m p nD - - sun su su nsu Ru su n su nD p m,,,
Bhairav-41-232.xml,Bhairav,nls gm @gm p p nD - - nD - p - mp @mg @mR mg p mp m g gqm eR - ssnl s gR - R gR - - s - @nls mg m mR g @mg gp mp m g m@R - s - nls p p p nD - n su su - sun su su nD - - n su - nRu su @nsu nD - p mp m @gm p - @mp nD - su nD - p mp m g mR - s - nls nls s - nD nD - nD - nD nD p p - D n su - nsu - @nsu nD - p pg @mg @mR g m p mp m g qm eR s mp - - nD - n su - - sunl su su nD - - sun su - Ru su sun su nD p gm g m p - D Dsu - suD @DN D p mp m g m R - s nls,,,
Bhairav-42-233.xml,Bhairav,gR - qnl w es s - m g gm p m g mR - nl s gR - p - - n su su sun su nD D su - Ru su n sunD p mp su - nD - p - gm - - s gR - snl s,,,
Bhairav-5-173.xml,Bhairav,mg m niD D p - @pD @mp m qgw w w(wmw)w w eR - R - s nils s nilDl Dl nil nil s s sR R R R gR - s s snil s mg m p D ni sl suRu suRu su ni D p gm g p - p niD - D suni ni su - su su suni su su su suN D D D suni ni su su nisu suRu su @suni niD - p p - D - DRu su ni su ni D Ni D p m p pg m,,,
Bhairav-6-174.xml,Bhairav,mg m niD D @pm p gm g gR - @mg (m) gR - s - nils nilDl - nil s s s s gR - s - snil s mg m p p niD - Dsu - niD p @pD @nisu @suRu @suni @Dni @Dp @mg m mp - p - niD D ni ni su su su su ni su su - suRu Ru Rumu mu Ru - su - nisu su Ru su niD - p - mg m g m p - niD p @pD @nisu @suRu @suni @Dni @Dp @mg m,,,
Bhairav-7-175.xml,Bhairav,mg m niD D p - D p gm g (m) R - gR - s snil - s s nilDl Dl nil s sR R R gR - R s s snil s mg m p D ni su niD Dsu - ni D p gm g mp - mp p niD - ni ni su su su su ni su su su niD - D - ni - su - @nisu Ru su su niD - p - - p D Rusu su ni D p p niD niD p @mp pg - m,,,
Bhairav-8-176.xml,Bhairav,mg m niD D p - pD @mp @DD @mp p - m g mp @mg gR - - - s - - - @sR g m (m) gR R s - snil s g m p D ni su suRu - su niD Ni @Dp pg m p p p p niD D ni ni su su su - ni su su - niD - D - ni - su su Ru Ru su - ni su niD p g m p D Dsu su niD p m g (m) g gR - s - snil s s mg - m p p niD - ni ni su - su - pD DRu @suni D Ni @Dp m g,,,
Bhairav-9-178.xml,Bhairav,@DDp @mp m g m m p p niD - - - p - - - gm g (m) g mR - g p m g m g R - s - snil s g m p D ni su (su) - niD su ni niD - p p p p p niD - ni - su su - su ni su su - niD D D D ni ni su - guRu - su su suni su niD p snil s g m p D ni su suRu suRu su ni D p D m,,,
Poorvi-1-237.xml,Poorvi,nil R g g M g R g R s M g M D M Ru ni D ni D M g M D M sau - ni Ru su M D ni D Ru ni D ni D p,,,
Poorvi-10-247.xml,Poorvi,snl R g @Rg p - - p Mp D M @pM g m g - gM R g M DM - g - M R g M g R s - gM M g g DM M D @MD Dsu su su su su Ru su - sun Ru gu Run Ru n DM D@MD M g g M g R s -,,,
Poorvi-11-248.xml,Poorvi,DM D@MD M g Rg - R s snl - s R g - m g snl s sp p p - p - @Mp D M @pM pg m g - ns s g g DM - D @MD Ru Ru n D M g R s gM M g - DM M D @MD Dsu - su su Ru - su su nsu su su - n - D D Ru Ru n D n D p - DM - D n DM D@MD M g M R g M g R s - nls s g g DM - D @MD Ru Ru n D M g R s,,,
Poorvi-12-249.xml,Poorvi,snl R g - R g m g - Mp D DM @pM Mg m g - DM g M D DRu n D p Mp D M @pM g m g snl gM M g - DM M D M su su su su su Ru su - nsu n Ru gu - Ru su su sun @nRu n D n D p - snl - R g - g DM D DRu n D p pg m g snl,,,
Poorvi-13-250.xml,Poorvi,n Dn DM g @gM @Rg - R s - - - snl s s g g DM D n su su Run D p p - DM g M R g M Mn Dn M g @gM @Rg - R s - - - DM @MM M g DM - D M su su su su su Ru su - sun Ru gu Ru su - Ru su Mp - p DM g @mR g,,,
Poorvi-14-251.xml,Poorvi,DM M g R s s snl - R g m g DM - D - su su su - su Ru su su sun - Ru gu Ru su sun Ru n DM - g D M,,,
Poorvi-15-252.xml,Poorvi,(s) nl @sr g - MR gR g g Mp - DM M@gm g - MR gR g DM - D sun @nRu @nD n D p p p D M p M Mg m g @Rs n @sR g - DM g D M D nsu - @sun Ru - su nD @nRu Dn D p D@MD DM gM g DM D sun su@nRu @nD n D p Mp - D M p M mg m g @Rs nl @sRnD p g -,,,
Poorvi-16-253.xml,Poorvi,R s nl @sR g m g - Mp D M @pM g m g - snl - - @sR g m g - Dsu n D p Mp DM M@DM g @Rs n @sR g m g - gM g DM D Ds - Ru s nD n n @suRu Dn D p - gM g - D@MD sun @Run D s Mp D M @pM g m g M@DM g @Rs n @sR g m g -,,,
Poorvi-17-254.xml,Poorvi,sR g D♯gMM @gM Rg R s - %RRsnls nl - sR g m g - $gMRg p @pM D - p - Mp D M @pM g m g - sR g D♯gMM @gM gM g gM D nsu - su @sun Ru - su su @nD Ru@nn D p p DM g D@MD DRu n D p Mp D M @pM g m g - sR D♯gMM @gM,,,
Poorvi-18-255.xml,Poorvi,Dm @gR @sn @sr g m g - Mp D M @pM pg m g - g@MR g D@MD @M gM Rg R s - snl @sR g D@MD Dsu n D p Mp DM @gm g@g D D@MD su@nsu @susu - @sun Ru - su - nsu su n D su@Run Dn D @pp DM DM g @ g DM D sun @Run Dn D p - Mp D M @pM g m g g@ D,,,
Poorvi-19-256.xml,Poorvi,M g $RRsnl ♯- sR g @gm g - Mp p M D sun ♯nRun D p Mp p DM g qMw wReR g - DM D M @gM Rg R s s@-D DM @-g DM ♯D MD Dsu @-n Ru su nsu @nD n D Ru n D p DM D M g M R g - DM D M @gM Rg R s s@-D DM g @Rs ♯n sR,,,
Poorvi-2-238.xml,Poorvi,gM g R s nil nil @sR g mup @Mg M g Mp D p D M p M g M R g g snil R g - M D ni D R ni D p Mp M g R s nil gM - g - DM D nisu - su ni su su suni ni Ru gu Ru su suni - niRu ni D p @Mp D M p M g M g R g R s snil R g g DM D ni D Ru ni D p Mp M g R s nil,,,
Poorvi-20-257.xml,Poorvi,MD M g - sR s - @nls nlR - - @sR g @gm g - g@mR @gp - Mp pD - p - Mp D M @pM pg m g - MD M g @gm Rg R s - n@suR snl - @sR Mg @gm Rg @gM DM g DM D @MD Dsu @-su Ru nsu nsu su - @sun Ru Ru su - nsu @su(su) - @nD Dn - D D Dn - Ru @nD n D p - DM - D n Ru @nD @nD p Mp D M @pM g m g @gM,,,
Poorvi-21-258.xml,Poorvi,Rg @Mg @ Mp D@nn D p DM @pM g m g - DM @DM - @ gM Rg R s - nl@ss %s RRsnl - @ Rm g - Rg qmw eM g m R g qRw ep p Mp D@MqDw eRu n Dn qDw ep p p D DM @pM g @mR R@g Mg M@pn p@MM g pM @Dp su @-su n@suRu su nsu @-su n D su@nRu D@nn D p Mp D M @pM g m g D @MD n @-Ru @nD n D p DM pM Mg m MR Rg qMw eg @ Mp D@nn,,,
Poorvi-22-260.xml,Poorvi,D@M D D$M- gM Rg @Rs $RRsnl @sr g @mg $gMRg gp - @pp D@MD @Rn D p M@pM D M @gM Rqgw w-w wRw es nl@sn - D ♯M gM Rqgw w-w eR s D@m D ♯M gM Rg Rs DM D su @sun Ru - su - nsu (su) n D Dn @Run D p M Dg M D n @Run D @pp M@pM D M @gM Rqgw w-w wRw es,,,
Poorvi-23-261.xml,Poorvi,s$nlsRg g♯MRg D♯p MD n D p @Mp Mp DM @gm g Rg M @MR g s%nlRgMp @pM D p ^ppDDpM @pM M@gm g D@MD M @gR g - R s @ss M♯p pM @Dp @susu @-su R - su n@ su nsu @nD Ru♯n Run @Dp Mp p M g gqMw wrw eg - D♯M MD D♯M gm R@gR s s@nlR @gM p @Mp pn D p - Mp DqMw w-w eg gM R g Rg D@mD M - @gR g @-R s @ss,,,
Poorvi-24-262.xml,Poorvi,s$nRgg - D♯gMM ♯-gM Rqgw w-w eR s sR s - @ns s%nlsRRs @nlR g @Rs s%nlsRRs @nl s@nlR @gR g - M^glMMmmg m @gR Rp - @Mp Mqpw wDw eM @pM g m g - D♯M MD @Mg DM @Dp su @sun Ru su $RuRusun ♯su nD n D sun @Run @nD p Mqpw wDw eM @pM g m g -,,,
Poorvi-25-263.xml,Poorvi,snl R p@gp @MD qnw w w w wwD wpw w w e@Mp Mp D DM @pM Mg @mR g - snl R g @ gR $ppMg @MR G - DM D @Run @Dp pM D M @gM Rg - R @s s DM g @pM @Dp su - su @nsu sun Ru gu @Rusu nsu Run D p Mp D DM @pM M@gm @gR g @gg DM qD eRun @Dp Mp D M @pM g m Rg @ s,,,
Poorvi-26-264.xml,Poorvi,D M g M g R s - nl R g m g - - g m R m g g - p p - D p - p (p) - M g m g g g - M R g M g R s - s s - s s nl R g m R g M p D (p) - - M - D Ru n M - - DM - g M g R s - s gM M g g DM M D D DM - Msu su su - su su Ru su - su su su su n n Ru gu Ru su su su su n @nRu n D p - p p (p) - M g m g g g g g M D D M su su su su su su su su n Ru n D p M DM g g M g R s -,,,
Poorvi-27-266.xml,Poorvi,M@DM @gR s s$nRgR Mqgw w ep ♯M gm g @pp @pM D p $MpDn - D p gp (p) M @pM Mg M g - gR g M ♯D Mg Rg @-R s @-s snl R @gR s sR nl Dl pl s@nlR g @gm @gR gR m g @-gM D♯MMD @susu @sun Ru su @-su $nsuRugu @-Ru su @-D sun @Run D p pM @gR m g $nlRgM $DnRugu @-Ru su @nRu gu $pupuMugu @Mugu n @Rugu ^MuMugurusun ^DpMgRs,,,
Poorvi-28-267.xml,Poorvi,p M D n su su n D n D p p DM D M g M R g R s s snl - s R g - Mp @pM D M D n su su n D Dn D Mp M pM - D n su n su - su su sun - su Ru - su n su n @Dp DM @MD M g M R g R s s nls - ssu - n D n D Mp M nls - sp - p M D - p p Mp - M - D - n D p p DM DM - g M R M g R s DM - D n su su su - Ru su sun - Ru gu Ru su suRu n D p DM - D DM - @gR g R s - nls s ssu - n D n D p M,,,
Poorvi-29-269.xml,Poorvi,snl R g g M Rg - r s s snl R pg M p p M g m g Mp - p M pM D n D p p Mp - M - g Mp M g m g pM g pM D M su su Ru su - sun Ru gu Ru su sun su n D p DM g DM D - DRu n Dn D p Mp p D DM p Mp M g m g nls - sp - p p - D - p DM M D - D n D p p p DM @-D DM - g M g R R s Rnl R qgw w ep p p M g m g DM g DM D p su su su - su sun Ru gu Ru su sun @-Ru n D p DM g DM - D DRu @nD n D p pM p D M p p M g m g,,,
Poorvi-3-239.xml,Poorvi,Mp D M @pM g m g R g _ nl R g m g g g R g M p D M p Mg R g M g R s - a a DM D DRu n D n DM _ @gm g @Mp D M @pM DM _ g g DM _ D @MD Dsu _ su su nsu Ru su su nsu _ su su n _ D D n Ru n D n D p p snl _ s R g _ M D DRu n D n @Dp @pM @gm g,,,
Poorvi-30-272.xml,Poorvi,sR g DM - D Dsu - qnw w wDw w ep Mp D DM p M Mg m g - - DM @-D M g M Rg - R - s snl R g - R gM g Dp - p Mp D DM - @pM Mg - m g - DM g DM - D n su su - su sun Ru gu Ru su sun su n D p DM D DM g M Rg - R - s g - DM - D Dsu - Run Ru n D p DM - @pM Mg - m g -,,,
Poorvi-31-274.xml,Poorvi,gM g R s s snl - @sR g m g Mp p - Mp D p Mp DM - gM g D@MD M - g Rg R s nls Rnl R qgw w ep p p - Mp D p - Mp DM - gqMw w e- g - gM gM g @MD n su su su su - sun Ru su n su - n - D Dn - - D - p DM DM D n su - @suRu n Dn D p p Mp DM - gqMw w e- g - gM,,,
Poorvi-32-275.xml,Poorvi,snl R Mqgw ep p Mp - M Mg m g gM R g DM - D M g M g R s nls Rnl R g M D n @nRu n D p p gM g - DM - D sun su n su - su sun - Ru gu Ru su n @nRu n Dn D p gM g - DM - D n @nRu n D p p Mp D M g m g - snl,,,
Poorvi-33-276.xml,Poorvi,Mp q-w w w w eDM DM g - gp - DM M @gm g gM - g R s - snl R g R s - snl - s R g - Mp - M D p @MD sun @nRu n D - p n D p M @gm g DM g DM D sun su - su - n Ru su suni - Ru gu Ru su suni @nRu n D - p M @MD M d DM D sun @nRu @nD n D p suni @nRu @nD n D p n D p - DM g nls - sp p p - Mp - D - p p DM - D sun su su sun @nRu n Dn D p DM @MD M g gM g Rg - R R s - snl - R Mq wg w ep p Mp p DM - @gm g DM D DM D sun su su su - sun su su sun su - n - D sun Ru n Dn D p DM D DM g DM D sun Ru n Dn D p sun @nRu sun - D p p p DM - @gm g,,,
Poorvi-34-279.xml,Poorvi,mp p M g g@MR g pM p D - p M - p M Mg m - g - Rnl R RM - - g - R - g - - Rnl R s - ns nl R g - - M g R s snl R g M P - - DM q wD w eRu n DM - g DM - D nsu - - n Ru - - su - - nsu Run - Ru gu - Ru su nsu Run - Dn D p - @pD D M - gM - g - DM - D sun - su Ru Dn D p DM Dq w w eRu n DM - g g@Mr g M p,,,
Poorvi-35-281.xml,Poorvi,nlsu nl R g m p D - p - D pm p m g m g - gm mR - g - m g R - s - - nls qseD - Dm - p m gm g s pD Dm D sun - su su su - - n su su - nsu - - n D n D sun @Ru @nD n D p - pm p D Dm - p m gm g s,,,
Poorvi-4-240.xml,Poorvi,snl R Mgq e p p D p _ p Mp D M @pM g m g D M g _ R s _ _ _ @nlR @gM @pD @pM g R s snl DM g M @DM Dsu _ Ru su sun D @nRu @nD n D p pD M g _ M g R s s @nlR @gM @pD @pM g R s snl,,,
Poorvi-5-241.xml,Poorvi,Mp D M @pM mg m g R gm g - R g M p - Mp p DM - g m g - DM @MD M g Rg R s - nl R g M p - - - DM - DM - Mg m g - gM M g g DM - D @MD Dsu - su su su Ru su - nsu - su su n D n @suRu Dqnw w w-w w w-w w eD nD - p p Mp DM - DM Mg m g - nl R g M p - - p Mp - DM - Mg m g -,,,
Poorvi-6-242.xml,Poorvi,Mp D p M g m g R g - snl R g m g - g R g M p - - - M g - M g R s - snl nl s R g g M D Ru n D p M g m g gM M g g DM - D @MD Dsu - su su nsu Ru su - nsu - su su n D n D sun su@nRu n D n D p - snl nl s R g g M D Ru n D p M g m g g D p M,,,
Poorvi-7-244.xml,Poorvi,g M g R - s nl - s R g - - - m g gM M g g DM M D @MD Dsu - su su Ru - su su sun n su - n D n D Ru Ru n D M g m g gM M - g DM - D @MD su su su su Ru - su - sun @nRu Ru gu Ru su n D Ru Ru n D M g M R,,,
Poorvi-8-245.xml,Poorvi,s s@nlR g DM D @MD @nsu n D - p (p) q-w w eg m g MD M g R s - nsu - n D p M p M g m g snl R g M DM D@MD M g @MR g - M g R s s gM M g - DM M D - nsu su su - Ru - su - nsu - su su n @nD n D sun @nRu n D n - D p @Mp ♯MpD M @pM Mg m g g snl R g M DM @MD M g M R g M g R s s,,,
Poorvi-9-246.xml,Poorvi,snl m R g - R Mg m g - @Mp D M @pM g m g - gM g DM D DRu n D p Mp D M @pM g m g snl DM g DM D su - su su n Ru gu @Rusu nsu Run D p gM g DM D DRu n D p Mp D M @pM g m g snl,,,
Todi-1-433.xml,Todi,R G pM G pM - D pD - D sun su - n D n D - M G M - D n DM M p D DM M G M G R s snl MG G M M D - sun - su n su - nD - D sun su Ru Run - D n su Ru n - - D - - p - - M - - G - - R - - s - s R G M G R s - s R G M p M G R G R s R G M p D p M G R s - s R G M p D n su - n - D - p - M - G - R - s nl @nlnl @ss @RR @GG @GG M M @DD @DD @nn @susu @nn @nD @DD @MM G R s snl,,,
Todi-10-444.xml,Todi,D D D DM M p p @Mp @Dp M _ G _ _ _,,,
Todi-11-445.xml,Todi,Mp p MG G R R GR _ s s s R G _ _ _ _ _ sR R R R GR _ s _ snl _ s R Rnl _ Dl Dl sR R G G DM M D D Dn Dn D p M G M p,,,
Todi-12-446.xml,Todi,_ D _ p pM M p p @Mp @Dp M G qp wM eD _ _ D n @Dp M M p p pG M p D DM _ G _,,,
Todi-13-447.xml,Todi,p p MG _ R s s nl _ s R G G MG M p D M p D n D p M p,,,
Todi-14-448.xml,Todi,nlDl nl s R GR _ s snl s sD DqM eG RG R _ s sG _ R G _ R GR s,,,
Todi-15-449.xml,Todi,nlDl nl _ @sR (s) nl Dl snl s s @nls R GR s @nls %Rrsnls nl @sR GR _ s snl s @s`R sRG R _ s nls sD DM G R _ s nlDl nl s R G R s,,,
Todi-16-450.xml,Todi,nlqs eD D _ D@nM D _ n su sun D D p @Mp p♯MpD M G _ GR GR G R s @nls R qs eD D M G G@MR G p@Mp @Dn D p @Mp ♯MpD M G R s,,,
Todi-17-452.xml,Todi,D p M @pD DM G R s snl s @nls @RR GR - s @nls nl Dl nl s R @sRG R Rnl Dl nlDl nl s R G R s @nls snl @sR G - DM - D - nD n su Ru n D @pM @Dn DM D n su su - @nsu su GuRu - su $nsuRuGu @Rusu $nsuRusu n D Dm p $MpDn D - ♯MpD M G R GR - s snl s R G M D n su Ru qn e- D D n su Ru GuRu - su @nnD,,,
Todi-18-453.xml,Todi,G - - @Rs GR - s - nil s R @RG pM R G - M D ♯niDni @MD su @nis ni D Mp @pd MD G pM R G - s R G - DM D ni D `DDnis @RuGu @Runi D MG M D @Dn MG - - D@MD su @nisu su su ni@DD ni @suRu @suRuGu suni @suRu niD - p D DM G GM D ni su @nisu ♯nisuRu ni D MG M D @Dni MG - - @Rs,,,
Todi-19-454.xml,Todi,nilDl nil s @-R G R s - R nil Dl pl Dl nil s @-R Rnil @-Dl pl - @ss sp - @Mp @pD `MpDp MG - GR G R s D@MD @niD !p pDp M`G MD suni su su ♯-nisu niD ni su su suni @suRu Runi D suni @suRu Gu @RuSu suni @nisuRu Runi D !DDnisuRuGu @GuRu ~nisu nisuRusu Dni D@MD @MD @-R s,,,
Todi-2-435.xml,Todi,s RR G R R s s nl Dl Dl nl s R G s nl @sR G G D M M D - D n D D M p @Mp D M G R G R - s s pD n n D n D M G G R G R R s s D M G D M M D D sun - su n su su su n n @suRu Gu Ru su n n n Ru n D p D M D n su n D D M G R R G R s s R R Ru Ru Gu Ru su G R R R G R s s s R R G R R,,,
Todi-20-456.xml,Todi,p@MR G @Rs @sR G - R s snl ♯sRG R s nS ♯nlsR nl Dl nls nl - @sR nl Dl pl - nlDl nl s @sR GR - s snl @sR G R s RG - @Rs ♯nlsR G@RRq e@DD @nD @pp pM ♯MpD D@MG @GR G R s @nls DM @Dn su - @sRu n D p @MP p DM G R G R s @sR RG - G@MR G - R s @sR RG - @Rs ♯nl sR,,,
Todi-21-457.xml,Todi,sD - Mp @MpD DM G - DM D sun su n D@MD MG R s nuDu nu s _ s @sR @sRG R s sD - Mp @MpD DM G - D@MD sun su n DM G GR - s M G DM D Dsu @nsu su su @nD @sun @Rsu @G Rsu su@nsu @nsuR Rn D DDM G R s s@nus s@GG DM D Dsu n D p MG M D Dn D p @Mp @pD,,,
Todi-22-458.xml,Todi,RG - R R GR - s @nls RG - - M@GM nl Dl - pl pls s @nls @sR RG G - - MG R pM G @MG @Mp - MG @mR G R s nlsq eDl nlDl nl s R GR s @ss s D D nD - p @Mp p@Mp @Dn D p (p) - M G @mp ♯MpD @MG @RR GR - s - D@MD Dsu @nsu @nD @DM @RG R s,,,
Todi-23-459.xml,Todi,- Mp @mp @pD DM G - GR G R s @nsu s@nus @nusR nu Du nus @suR G G D@MG @pM D D sun - - @suR sun - D - qDwnwsueR Gu R n D p pM G - D@mD su @nsu su su Ru - su @suR gu ru su @nsu suRn D @Mp @MpD M G M@pM @Dn - D su@nsu @nsuR sun D qDwDwnwsueR Gu Ru n D Mp D @_n D p pM @pD DM G @MR G - pM qmwpwDen n DM G RG R s @ns sn - s R nl Dl pl - @sR G G@MR G - R s @nls nl Dl pl - @sR G G@MR G - R s @nls nuDu nu s R G R s @nls nlDl nl s R RG - - @RR,,,
Todi-24-462.xml,Todi,nlDl nl s R GR s @nls R nlq eDl - Dls s - ♯nlsR R G G G M D D su su su su su su n Ru Gu Ru su su M D n D p p nl @ss @RR @RR @GG @GG M M @DD @DD @nn @nn @DD @Dp @pp @MM M @mD M R G R - s,,,
Todi-25-463.xml,Todi,n su nD n D p - M G G M G s R s R G - M M p M p D M G DM - D @-D D @-D M D n @susu su - @suRu Gu Gu Ru n D n su Ru D MG @GG @MM @MM D @-D n @nn @susu @susu su -@su D n su GuRu - @susu n su Ru n D - p - M p - D M G M R G - GR - R MG - G DM - D n su su D D n su Ru Gu Ru su Ru D,,,
Todi-26-465.xml,Todi,p G R s g R s s s R g - - - Mp - p G R s GR R s - snl s G M p D p @-p p D p D p D M p p MG - p MG - p - Dsu n D p su n D p pD n - D - p - Dp pG - - - GR - s - nls s sG G DM - D - p @-p p D p D M p p G - p MG - p -,,,
Todi-27-466.xml,Todi,nl - R G M M D n D M G M nD - - - - - D M D n - D n D p - M @Dn n D p D M G @G G @GM @Dn @_n D M R G R - sa,,,
Todi-28-467.xml,Todi,MM@DG @_ GMr G @_Rsa GR sa sa@nlR r@nlRG Mp D GM @_G M♯GMM @DDsa - @nsR GR $sRGR s $nls s s@nlR $_nlRG ♯RGM ♯GMp D@MnD D@MG G♯MRG @Rs DM $DDnn su ♯nsusu su - n@Dn @suRu GuRu @sun @RuGu Ru su @nsu Run @suR n D D@MDn D @Mp @MpD DM G G@MR G M@GM M@Dn @suRu - Ru$GGRusu ♯nDD $MDns @RuqD e@Run D@MG G♯MRG ♯_Rs,,,
Todi-29-468.xml,Todi,MD @pM @GM nD @_p DM G G@MR G - @RR GR - s - s$nlRGM p M$GMGR $nlDl n s @_R RG - $MpDn @_D DpD G@MG DM D nD @_D Dsu @nsu GuRu su n@Dn @suRu RuGu - Run @_D D@MD @nsu Ru@suRu $GuGuRusu $nDpM $GRss M@_D @pM @GM D@_M @Dn su @nsu @_n @suRu Run D @Dn @suRu RuGu Ru @sun @suRu Run D p - D$MpDn D p D@MG DM D D @_D n su @_D @nsu GuRu - su - n @Ru_ Ru @GuRu Gu @MGu pu - @Mpu $MGuGuRu $sunDp $MGrs s @_D @pM @GM,,,
Todi-3-436.xml,Todi,D M M p D D M G R G R s s nl nl s R G _ - - - - G G G R - R s s nl - s R s R s n Dl - S R G G D M M D D D M D n D M G R s @sR G R R s s nl Dl Dl nl @sR G - D M - G - D M - D - su n - su n su - su - su Ru Ru Gu Ru Gu Ru Ru su su su n - su Ru Ru n - D - D M D n su n D n D p D M G R G R R s s s nl s G D M - M D - D n D n D M G - R S,,,
Todi-30-470.xml,Todi,pD - D p p M p qMw eG G MG M p D M G R GR s - snl - s - sR sR G R - s DM - D n su n D p MG M D - D D n D p M G G pM G M D pD sun su su su sun @suRu Gu Ru su sun su Ru Run D DM D @nsu n D M G R - s sRq ww eGu RuGu Ru su n su n D p D - D n @Dp M p Mq w eG G,,,
Todi-31-472.xml,Todi,GR R GR R - s s s - s snl - s - R snl s qnlw w wDuw w eDu nlDl Dl G G - DM M D - n DM D DMq w e- G MG M p D n DM M MG R - DM -q eG DM D n su su su - Ru - Gu Ru su sun su Rusu nD - ND D Gu GuRu Gu Ru - su n D DM D n su Ru sun su n D p p p D DM G GR R GR - s nls s D D - nD - D p p pM M p - D p D DM G - MG M p D M MG - R s - nlDl nl s R G pM p M G - DM G DM - D sun n su - su suRu - Gu Ru su sun n Dsu n D pqDw w eGu Gu Ru Gu Ru - su nD D DM D N su Ru Run su n D p D D DM G - R R GR - s,,,
Todi-32-475.xml,Todi,pD D D D n D D qpw wMw eG MG M p D M G - R - s nlDl nl s R G R - s - s pM D sun su - @nD n D - p Mp MG DM D - sun su su - su nD n su Ru Gu Ru su sun su @nD D n D p MG p G R - s sun n Ru Gu Ru sun su n D p,,,
Todi-33-476.xml,Todi,pD @MG MR gg R s snl @sR G M p - pM p D DMq eG MG DM D pD sun su n D p DM p D pMq eG R - GR - s Mp MG - DM - D n su n su - su nsu nD - n su Ru Gu Ru su n su @nD DM D @nsu @nD n D p - @MD n D p pM D@MG R RG R s,,,
Todi-34-477.xml,Todi,nlDl nl s R sR sG - R - R s - sR GR - s nls nl - snl s R G R s snl s R Rnl Dl Dl DlG - G G@MR G G DM D n DM G - GR G R s sDl - nl Mp p - Mp nD - n su n su su su nsu nD - sun su Ru Gu Ru su @Nsu nD - xx@MD n su n D p pD DM G RG R s snl @sR D DM D pD sun D N D p p pD Mq eG R G R s nls nlDu nl,,,
Todi-35-479.xml,Todi,D D p @Mp D DM -q eG @MGR G DM D pD - n D p DM p D DM G - GR G - R - s snl s R Rnl Dl pl - snl s GR - s @sR G - R GR s - sD Mp D p MG M D sun su n su - su nsu nD - sun su Ru Gu Ru su @Nsu n D @Dn D @pM @pD DM G RGq w eGu - Ru su @nsu sun D Dsu n D p - @Dn,,,
Todi-36-481.xml,Todi,nlDl nl s R sR G - RGq eR s - R R GR - s snl s - sR - G R s - snl s nlDl DlMl Dl - snl s @-R RG - RG - pM p D M G R G R s nlDl - nl s R p p - nD - n su su - sun su su nD - D sun @suRu Gu Ru su n su n D pD D n D - p pG G R GR s - Rnl Rs MG pM p - M G - DM D - DM G R GR - s - nlDl - nl s R,,,
Todi-37-482.xml,Todi,p n su su nsu (su) N @dp pN N @dp p@gm g _ _ g sun _ su gu run su dN @pd psu N @dp p@gm g _ _ m mg m N @dn su _ n su sun su su @nsu nsu (su) N d gm _ mg m p _ sun _ su _ gu (su) p n _ @susu,,,
Todi-38-485.xml,Todi,nsu su N N d d (m) g mg m p d nsu n su _ nsu su gu mu gu rugu run su sun n su _ n su N pd pg m Nd n su n su su n _ su _ sun su N d nsu su gu mu rugu _ run su sun _ su su @nsuru @nsu N pd,,,
Todi-39-486.xml,Todi,nls mg _ rg m _ m p d m g m p sun _ dn su _ _ _ n su _ _ sun _ su _ n su _ su qsu ed su _ N _ d @dp pg m p _ d m g _ n n n su su su n su nsu _ (su) _ N N d p pg m p d pg m g _ nls g _ rg m _ m p d m g m p sun _ dn su _ _ _ n su _ _ sun _ su _ n su _ su qsu wd esu _ N _ d @dp pg m p _ d m g _,,,
Todi-4-438.xml,Todi,p D p D DM M p D DM G - G M M p p MG M p D DM - G G R - R R GR - s s nl Rs G G DM M D D DM D n D su n D p DM - G G DM - D D sun - su n su - su su sun - D D n - su su sun n su Ru Ruqnw w w-w w eD D DM D n D n D p - MG - R Ru GR - s s sR R G G DM M D - DM D n @Dn su n D p,,,
Todi-5-439.xml,Todi,R R GAR _ s s _ Rnl _ s R GA _ _ _ DM p _ D DM _ GA _ R _ R GA R R s _ s R R GA _ DM M D D DM D n DM _ GA R s DM M GA _ DM _ D D n _ su n su _ su _ suRu Ru RuGARu GAu Ru su su sun _ su Ru N _ _ D M D n su n D D n DM _ GA R GA R s _,,,
Todi-6-440.xml,Todi,R s s sp _ p p M _ p D DM GA _ R GA R s s D _ p p @Mp D MD n DM GA _ R GA R _ s snl R GA _ DM _ p D DM _ GA R GA R s s Mp p MGA_ DM _ D D sun _ su n su su su _ @suRu GAu R n _ n su Ru Run D n D _ p MGAM pD _ D n DM _ p D DM GA _ R GA R s s,,,
Todi-7-441.xml,Todi,pM _ p D DM G _ @pD DM G _ GM G R s _ sR G _ DM D n D p `MpDp MG _ GM G R s _,,,
Todi-8-442.xml,Todi,Dn D p MG M p _ @Mp D DM G _ R GR _ s _ nlDl nl s G R _ s s @nls @MG @pM D @nn @DM @GR @s n,,,
Todi-9-443.xml,Todi,RG G R R GR _ s s snl _ s R G _ @GM p M G R R GR _ s s nlDl nl s R G _ _ _ MG _ M M p _ D D Dn Dn D p M G @GM D M G R R,,,
,Bhairavi,,S R g M P d n S',S' n d P M g R S,M g M P d n S'
,Bageshree,,n S g M D N S',S' N D M g M g R S,g M D M g R S
,Asavari,,S R g M P d n S',S' n d P M g R S,M P d P M g R S
,Yaman,,N R G M D N S',S' N D P M G R S,G M D N D M G R
,Malkauns,,S g M d n S',S' n d M g S,g M d M g S
,Sarang,,S R M P N S',S' N P M R S,R M P M R S
,Bhoopali,,S R G P D S',S' D P G R S,G P D P G R
,Darbari,,S R g M P d n S',S' n d P M g R S,M P d P M g R S
,D.Kanada,,S R g M P d n S',S' n d P M g R S,M P d P M g R S
